uuid,manufacturer_uuid,material_uuid,model,selling_lot_size,max_retail_price,currency,website,part_number,updated_at,photo_uuid
300ce477-ff55-41f5-a238-c228c3abc630,7b5c688e-e2e8-4ae7-96ac-2efb5d767dab,e1a071da-3418-48bf-bb6a-7882d2fc6d22,Metal,1,50,INR,,,2025-12-30T03:30:00.000Z,
d3f1e580-78ee-4e80-82b8-0533e13dbe7c,7b5c688e-e2e8-4ae7-96ac-2efb5d767dab,e1a071da-3418-48bf-bb6a-7882d2fc6d22,PVC,1,40,INR,,,2025-12-30T03:30:00.000Z,
70f8beea-87c4-419d-97d8-86052f418997,7b5c688e-e2e8-4ae7-96ac-2efb5d767dab,e709988d-5de7-4963-8a5f-715fdb82493f,Metal,1,40,INR,,,2025-12-30T03:30:00.000Z,
a4d7e538-a566-463d-9212-87edfd15f113,7b5c688e-e2e8-4ae7-96ac-2efb5d767dab,e709988d-5de7-4963-8a5f-715fdb82493f,PVC,1,40,INR,,,2025-12-30T03:30:00.000Z,
ea13b0a0-bdb0-4632-a72a-46821bea5d5f,7b5c688e-e2e8-4ae7-96ac-2efb5d767dab,c5b2239e-f60a-4603-bcc9-f402c027bdaf,Metal,1,40,INR,,,2025-12-30T03:30:00.000Z,
68cc3557-be0a-4ff0-b16d-45760e912e30,7b5c688e-e2e8-4ae7-96ac-2efb5d767dab,c5b2239e-f60a-4603-bcc9-f402c027bdaf,PVC,1,40,INR,,,2025-12-30T03:30:00.000Z,
6824143d-9744-4f54-8a67-d137b4936dd8,7b5c688e-e2e8-4ae7-96ac-2efb5d767dab,dd33b2a1-6edf-4f18-96d3-26923fc5edf2,Metal,1,40,INR,,,2025-12-30T03:30:00.000Z,
2a8ba866-1689-4c87-b74e-af833f0edae8,7b5c688e-e2e8-4ae7-96ac-2efb5d767dab,dd33b2a1-6edf-4f18-96d3-26923fc5edf2,PVC,1,40,INR,,,2025-12-30T03:30:00.000Z,
92ce17cd-1085-4d7e-ac75-bd1ef81e85eb,7b5c688e-e2e8-4ae7-96ac-2efb5d767dab,a728b9c0-2edb-4548-8e2d-4abb877877fe,Metal,1,40,INR,,,2025-12-30T03:30:00.000Z,
4ae4e9de-471b-4e62-b93a-c11dffbdf554,7b5c688e-e2e8-4ae7-96ac-2efb5d767dab,a728b9c0-2edb-4548-8e2d-4abb877877fe,PVC,1,40,INR,,,2025-12-30T03:30:00.000Z,
4c605a2f-ad10-426e-9b2f-a720794964bd,7b5c688e-e2e8-4ae7-96ac-2efb5d767dab,ae2c38a4-4bce-47c5-b87b-e8d783c8560d,Metal,1,40,INR,,,2025-12-30T03:30:00.000Z,
9376f1d5-01ef-4fac-958c-1ae449e154d2,7b5c688e-e2e8-4ae7-96ac-2efb5d767dab,ae2c38a4-4bce-47c5-b87b-e8d783c8560d,PVC,1,40,INR,,,2025-12-30T03:30:00.000Z,
36fa0a88-cc6e-4c98-9bc2-8d62d93ac9a6,7b5c688e-e2e8-4ae7-96ac-2efb5d767dab,b9a6518a-4902-4759-a268-3d5ef41c54ce,Metal,270,40,INR,,,2025-12-30T03:30:00.000Z,
c207dd78-8a01-4d68-a133-9bc4380bd7d2,7b5c688e-e2e8-4ae7-96ac-2efb5d767dab,b9a6518a-4902-4759-a268-3d5ef41c54ce,PVC,180,40,INR,,,2025-12-30T03:30:00.000Z,
94e32494-a8d7-4dcc-97f0-2386dcaeaac8,7b5c688e-e2e8-4ae7-96ac-2efb5d767dab,ffa5ce56-a174-4aef-a332-a7bb79d8c82a,Metal,1,40,INR,,,2025-12-30T03:30:00.000Z,
041aeb62-91d8-4bd5-842a-4c7ce8c567ef,7b5c688e-e2e8-4ae7-96ac-2efb5d767dab,ffa5ce56-a174-4aef-a332-a7bb79d8c82a,PVC,1,40,INR,,,2025-12-30T03:30:00.000Z,
7c06c61d-b134-41d7-948f-2ae40113397c,7b5c688e-e2e8-4ae7-96ac-2efb5d767dab,b95a58ea-70e8-4322-ad60-49de8b0c629d,Metal,1,40,INR,,,2025-12-30T03:30:00.000Z,
0bd113d8-1af5-40cf-a84e-2794c4b84ce4,7b5c688e-e2e8-4ae7-96ac-2efb5d767dab,b95a58ea-70e8-4322-ad60-49de8b0c629d,PVC,1,40,INR,,,2025-12-30T03:30:00.000Z,
4e7843fb-06bc-4222-8423-f616d75df767,7b5c688e-e2e8-4ae7-96ac-2efb5d767dab,6be9ca63-e4d4-4994-8cd3-f22f24c42271,Metal,1,40,INR,,,2025-12-30T03:30:00.000Z,
7dd35408-eeb6-42ba-9ea2-af405d130988,7b5c688e-e2e8-4ae7-96ac-2efb5d767dab,6be9ca63-e4d4-4994-8cd3-f22f24c42271,PVC,1,40,INR,,,2025-12-30T03:30:00.000Z,
982717c5-58b9-45bd-935e-f8ad77a75caa,7b5c688e-e2e8-4ae7-96ac-2efb5d767dab,35e63739-77d4-44c5-8b41-9e5621746cd1,Metal,1,40,INR,,,2025-12-30T03:30:00.000Z,
c0e373b9-4d1d-425e-8e92-544abcb8de79,7b5c688e-e2e8-4ae7-96ac-2efb5d767dab,35e63739-77d4-44c5-8b41-9e5621746cd1,PVC,1,40,INR,,,2025-12-30T03:30:00.000Z,
d5ac622b-2ffe-4931-85ff-b39558b9dca7,7b5c688e-e2e8-4ae7-96ac-2efb5d767dab,827e1ae8-21d0-42da-93a4-bdd97007ed18,Metal,1,40,INR,,,2025-12-30T03:30:00.000Z,
22e0e1e5-ad8d-42f0-a524-eea68f56fbbb,7b5c688e-e2e8-4ae7-96ac-2efb5d767dab,827e1ae8-21d0-42da-93a4-bdd97007ed18,PVC,1,40,INR,,,2025-12-30T03:30:00.000Z,
dd0aa821-ebf2-47d6-a93d-a0cafef652fe,7b5c688e-e2e8-4ae7-96ac-2efb5d767dab,7989ab50-0500-4657-9807-2f5085cdac89,Metal,1,40,INR,,,2025-12-30T03:30:00.000Z,
33ff9c65-e40f-4a4e-838f-ff360dc90b6e,7b5c688e-e2e8-4ae7-96ac-2efb5d767dab,7989ab50-0500-4657-9807-2f5085cdac89,PVC,1,40,INR,,,2025-12-30T03:30:00.000Z,
48f772c2-2e02-4060-ab06-908d34637b2b,7b5c688e-e2e8-4ae7-96ac-2efb5d767dab,13b04de3-2f6d-4e33-9888-9b09c3f5758f,Metal,1,40,INR,,,2025-12-30T03:30:00.000Z,
2d831a23-7eb4-4618-8e48-b1da66969a04,7b5c688e-e2e8-4ae7-96ac-2efb5d767dab,13b04de3-2f6d-4e33-9888-9b09c3f5758f,PVC,1,40,INR,,,2025-12-30T03:30:00.000Z,
88497a41-a019-4238-aa8a-1ae14af7565f,7b5c688e-e2e8-4ae7-96ac-2efb5d767dab,88cbe30e-79a5-4645-828a-e93aebfbc56b,Metal,1,40,INR,,,2025-12-30T03:30:00.000Z,
3d55d19b-a1d7-432a-a780-1aac0c4f8674,7b5c688e-e2e8-4ae7-96ac-2efb5d767dab,88cbe30e-79a5-4645-828a-e93aebfbc56b,PVC,1,40,INR,,,2025-12-30T03:30:00.000Z,
063698f1-e588-42d7-bedb-c1efab2b2b5f,7b5c688e-e2e8-4ae7-96ac-2efb5d767dab,9b6baa5f-08f1-46dc-8983-3b9072374f63,Metal,1,40,INR,,,2025-12-30T03:30:00.000Z,
99f03df2-7ba8-4d96-9d2c-77a515a5e4ce,7b5c688e-e2e8-4ae7-96ac-2efb5d767dab,9b6baa5f-08f1-46dc-8983-3b9072374f63,PVC,1,40,INR,,,2025-12-30T03:30:00.000Z,
a6aa2458-f989-4bd4-8d5f-f0c2edfe8b15,90a218f0-fa16-4401-88c4-f8feb88cf8e6,9ad6917c-046a-4f47-9503-b43c20e6216f,FR,180,40,INR,,,2025-12-30T03:30:00.000Z,
f58c51ae-109a-47b9-b7c3-f449e0923d87,90a218f0-fa16-4401-88c4-f8feb88cf8e6,9ad6917c-046a-4f47-9503-b43c20e6216f,FRLS,180,40,INR,,,2025-12-30T03:30:00.000Z,
17485521-c1ea-432d-b066-0953daceb44d,90a218f0-fa16-4401-88c4-f8feb88cf8e6,18489a99-ce77-491e-9eb5-cb6a4e8c4aae,FR,180,40,INR,,,2025-12-30T03:30:00.000Z,
990eb5e0-e6d7-4454-928e-dc4c35c1132c,90a218f0-fa16-4401-88c4-f8feb88cf8e6,18489a99-ce77-491e-9eb5-cb6a4e8c4aae,FRLS,180,40,INR,,,2025-12-30T03:30:00.000Z,
b896d267-cdbb-4ba0-980f-80ab34a4cc16,90a218f0-fa16-4401-88c4-f8feb88cf8e6,4cdd641a-08ed-4e2a-897c-d0caf17bfb1d,FR,180,40,INR,,,2025-12-30T03:30:00.000Z,
831a869f-5a2c-45a2-9d3f-c662baac334b,90a218f0-fa16-4401-88c4-f8feb88cf8e6,4cdd641a-08ed-4e2a-897c-d0caf17bfb1d,FRLS,180,40,INR,,,2025-12-30T03:30:00.000Z,
77f3ffbf-96ba-4a9e-8f9d-fcf9966b8a41,90a218f0-fa16-4401-88c4-f8feb88cf8e6,6f2bd090-49dd-4d46-aba0-f459256864b0,FR,180,40,INR,,,2025-12-30T03:30:00.000Z,
f6eb2aed-4821-4cd7-aa1c-b2d375871865,90a218f0-fa16-4401-88c4-f8feb88cf8e6,6f2bd090-49dd-4d46-aba0-f459256864b0,FRLS,180,40,INR,,,2025-12-30T03:30:00.000Z,
051c4d7a-3754-4d95-a501-38f0134d3c38,90a218f0-fa16-4401-88c4-f8feb88cf8e6,28874bf3-e381-4675-9493-689fd3af09d2,Penta,1,40,INR,,,2025-12-30T03:30:00.000Z,
c3864720-b8e6-4b94-b110-90bf8c6b147b,90a218f0-fa16-4401-88c4-f8feb88cf8e6,28874bf3-e381-4675-9493-689fd3af09d2,Roma,1,40,INR,,,2025-12-30T03:30:00.000Z,
cd5aa6a4-a94a-4680-ab95-8850210a3f47,90a218f0-fa16-4401-88c4-f8feb88cf8e6,28874bf3-e381-4675-9493-689fd3af09d2,Woods,1,40,INR,,,2025-12-30T03:30:00.000Z,
ebf3fc66-3a34-4d7d-83cb-4269061e5281,90a218f0-fa16-4401-88c4-f8feb88cf8e6,d0c0206e-9ae0-42d3-ae2b-d5ebd25b5bd6,Penta,1,40,INR,,,2025-12-30T03:30:00.000Z,
9a537593-a914-45c3-835a-4f89c73e7b90,90a218f0-fa16-4401-88c4-f8feb88cf8e6,d0c0206e-9ae0-42d3-ae2b-d5ebd25b5bd6,Roma,1,40,INR,,,2025-12-30T03:30:00.000Z,
00c22cbb-d611-4b05-bfd5-6a51056a37f8,90a218f0-fa16-4401-88c4-f8feb88cf8e6,d0c0206e-9ae0-42d3-ae2b-d5ebd25b5bd6,Woods,1,40,INR,,,2025-12-30T03:30:00.000Z,
48b3ebaf-c53f-481d-a7ee-c67e600f9748,90a218f0-fa16-4401-88c4-f8feb88cf8e6,26598120-db59-43a4-a17f-5e1196b6493b,FR,1,40,INR,,,2025-12-30T03:30:00.000Z,
21aa34b7-bb75-418e-8982-a1cd579b056b,90a218f0-fa16-4401-88c4-f8feb88cf8e6,26598120-db59-43a4-a17f-5e1196b6493b,FRLS,1,40,INR,,,2025-12-30T03:30:00.000Z,
9635d951-7bd3-4f0b-a438-b6c3417de027,90a218f0-fa16-4401-88c4-f8feb88cf8e6,d2858bc6-874c-4b33-bd19-0a821d301816,FR,180,40,INR,,,2025-12-30T03:30:00.000Z,
b141bfaa-3a57-4a03-ac6e-04fd74433a9a,90a218f0-fa16-4401-88c4-f8feb88cf8e6,d2858bc6-874c-4b33-bd19-0a821d301816,FRLS,180,40,INR,,,2025-12-30T03:30:00.000Z,
81c70631-7cef-447d-a206-ffdf0a7970f3,90a218f0-fa16-4401-88c4-f8feb88cf8e6,a4b21753-2581-4326-9e1f-39e16d6d4b2d,FR,180,40,INR,,,2025-12-30T03:30:00.000Z,
dd022d74-e042-4bcb-be89-8704725d0595,90a218f0-fa16-4401-88c4-f8feb88cf8e6,a4b21753-2581-4326-9e1f-39e16d6d4b2d,FRLS,180,40,INR,,,2025-12-30T03:30:00.000Z,
3c23bd04-d87e-4a5c-9126-a2333ce53267,90a218f0-fa16-4401-88c4-f8feb88cf8e6,6fd1301f-6fb6-4c6a-b79e-5241964e99bd,Penta,1,40,INR,,,2025-12-30T03:30:00.000Z,
95a00a78-2150-4ae4-8818-b29e322aa69f,90a218f0-fa16-4401-88c4-f8feb88cf8e6,6fd1301f-6fb6-4c6a-b79e-5241964e99bd,Roma,1,40,INR,,,2025-12-30T03:30:00.000Z,
33deb7d7-5d77-4fbf-afc1-b39f3f218b29,90a218f0-fa16-4401-88c4-f8feb88cf8e6,6fd1301f-6fb6-4c6a-b79e-5241964e99bd,Woods,1,40,INR,,,2025-12-30T03:30:00.000Z,
06a902d4-36c4-48b3-bdf9-ecd6dbc70ac4,90a218f0-fa16-4401-88c4-f8feb88cf8e6,95122212-988a-4b24-9d08-408029c969cd,Penta,1,40,INR,,,2025-12-30T03:30:00.000Z,
b4ae05d4-ee0f-4836-9104-fe4c56c03b15,90a218f0-fa16-4401-88c4-f8feb88cf8e6,95122212-988a-4b24-9d08-408029c969cd,Roma,1,40,INR,,,2025-12-30T03:30:00.000Z,
9129d525-f0ea-4fc7-9831-28a3d86fb7e7,90a218f0-fa16-4401-88c4-f8feb88cf8e6,95122212-988a-4b24-9d08-408029c969cd,Woods,1,40,INR,,,2025-12-30T03:30:00.000Z,
88dedd9f-53ce-4a0a-842c-ec52fab6881b,90a218f0-fa16-4401-88c4-f8feb88cf8e6,08fb6a91-8c90-40dd-b32c-14953f88ddf7,FR,180,40,INR,,,2025-12-30T03:30:00.000Z,
d83b349b-9b64-4594-9bd7-de79a4ff4eef,90a218f0-fa16-4401-88c4-f8feb88cf8e6,08fb6a91-8c90-40dd-b32c-14953f88ddf7,FRLS,180,40,INR,,,2025-12-30T03:30:00.000Z,
812a7952-cbf1-495f-9eda-ce058ae4dbd6,90a218f0-fa16-4401-88c4-f8feb88cf8e6,87fdb6b2-8f24-4305-b419-af528227c307,Penta,1,40,INR,,,2025-12-30T03:30:00.000Z,
695c85db-f271-4a7a-95e1-0fc847051e54,90a218f0-fa16-4401-88c4-f8feb88cf8e6,87fdb6b2-8f24-4305-b419-af528227c307,Roma,1,40,INR,,,2025-12-30T03:30:00.000Z,
f7bf4790-eb3d-4e5a-b741-f83d73da9757,90a218f0-fa16-4401-88c4-f8feb88cf8e6,87fdb6b2-8f24-4305-b419-af528227c307,Woods,1,40,INR,,,2025-12-30T03:30:00.000Z,
8e272d06-c078-481e-91e6-05fa82506740,90a218f0-fa16-4401-88c4-f8feb88cf8e6,1be03227-6379-4788-a4cf-47a4dd4f862d,Penta,1,40,INR,,,2025-12-30T03:30:00.000Z,
a39e1511-38a5-4881-8ca2-8e6374e70930,90a218f0-fa16-4401-88c4-f8feb88cf8e6,1be03227-6379-4788-a4cf-47a4dd4f862d,Roma,1,40,INR,,,2025-12-30T03:30:00.000Z,
87f3a901-81a7-4c5a-854e-bef747de50d3,90a218f0-fa16-4401-88c4-f8feb88cf8e6,1be03227-6379-4788-a4cf-47a4dd4f862d,Woods,1,40,INR,,,2025-12-30T03:30:00.000Z,
78ecaf4a-5e8a-4047-a176-c85992e89c32,90a218f0-fa16-4401-88c4-f8feb88cf8e6,c4e1ec08-5d22-4682-b846-290216d83271,Penta,1,40,INR,,,2025-12-30T03:30:00.000Z,
a5843d79-46fd-4159-b384-edb1cff43cde,90a218f0-fa16-4401-88c4-f8feb88cf8e6,c4e1ec08-5d22-4682-b846-290216d83271,Roma,1,40,INR,,,2025-12-30T03:30:00.000Z,
480aefaf-5540-4aac-96d0-152aab4bb30e,90a218f0-fa16-4401-88c4-f8feb88cf8e6,c4e1ec08-5d22-4682-b846-290216d83271,Woods,1,40,INR,,,2025-12-30T03:30:00.000Z,
8cf4cda5-6520-4cdc-934d-4ebe2465f76e,90a218f0-fa16-4401-88c4-f8feb88cf8e6,2753af18-a5f4-49bd-a45a-af1d15e7c4c8,Penta,1,40,INR,,,2025-12-30T03:30:00.000Z,
d35e9f2d-463b-4cf3-8046-044d18e87731,90a218f0-fa16-4401-88c4-f8feb88cf8e6,2753af18-a5f4-49bd-a45a-af1d15e7c4c8,Roma,1,40,INR,,,2025-12-30T03:30:00.000Z,
1987e687-8564-4045-a5ed-883dcec31421,90a218f0-fa16-4401-88c4-f8feb88cf8e6,2753af18-a5f4-49bd-a45a-af1d15e7c4c8,Woods,1,40,INR,,,2025-12-30T03:30:00.000Z,
48302378-f443-4637-a100-b3b48576b5fb,90a218f0-fa16-4401-88c4-f8feb88cf8e6,6416016c-8f1c-4ffc-b843-58e4d807462e,Penta,1,40,INR,,,2025-12-30T03:30:00.000Z,
e7becd8c-2db1-4fc8-afde-357e8b6d4c8b,90a218f0-fa16-4401-88c4-f8feb88cf8e6,6416016c-8f1c-4ffc-b843-58e4d807462e,Roma,1,40,INR,,,2025-12-30T03:30:00.000Z,
f659d24b-f619-4d8f-b7f2-96b3ab57ded8,90a218f0-fa16-4401-88c4-f8feb88cf8e6,6416016c-8f1c-4ffc-b843-58e4d807462e,Woods,1,40,INR,,,2025-12-30T03:30:00.000Z,
0c6d3d0d-b031-44c6-8c49-26492ec54c81,90a218f0-fa16-4401-88c4-f8feb88cf8e6,57a1c794-fb63-4218-961d-c0b77e6596a9,Penta,1,40,INR,,,2025-12-30T03:30:00.000Z,
8ac531dd-2c06-40c5-8894-6ca6982a2011,90a218f0-fa16-4401-88c4-f8feb88cf8e6,57a1c794-fb63-4218-961d-c0b77e6596a9,Roma,1,40,INR,,,2025-12-30T03:30:00.000Z,
156a44f6-f78f-4104-83cb-3e48ab0364a0,90a218f0-fa16-4401-88c4-f8feb88cf8e6,57a1c794-fb63-4218-961d-c0b77e6596a9,Woods,1,40,INR,,,2025-12-30T03:30:00.000Z,
100dac1b-88e4-4254-b20c-0721429c268c,90a218f0-fa16-4401-88c4-f8feb88cf8e6,2d7d7e4a-3148-4a00-b3a8-84709d7d45f2,Penta,1,40,INR,,,2025-12-30T03:30:00.000Z,
13f24663-9d1f-43be-a4ef-8a23f8e57238,90a218f0-fa16-4401-88c4-f8feb88cf8e6,2d7d7e4a-3148-4a00-b3a8-84709d7d45f2,Roma,1,40,INR,,,2025-12-30T03:30:00.000Z,
a6c585d5-1f0f-467a-85fc-ed5bb41a539f,90a218f0-fa16-4401-88c4-f8feb88cf8e6,2d7d7e4a-3148-4a00-b3a8-84709d7d45f2,Woods,1,40,INR,,,2025-12-30T03:30:00.000Z,
83cd95b6-c8dd-49dd-bfa1-b79843dae417,049f426f-cb59-40f6-a741-c6c71f0dc51d,9ad6917c-046a-4f47-9503-b43c20e6216f,FR,180,111,INR,,,2026-01-01T18:18:36.479Z,
8def3834-e26b-4697-b5dc-e66e2afc5ba9,049f426f-cb59-40f6-a741-c6c71f0dc51d,9ad6917c-046a-4f47-9503-b43c20e6216f,FRLS,180,40,INR,,,2026-01-01T13:23:48.509Z,
f0460f60-cc3e-46d9-a238-4ada2487d59d,049f426f-cb59-40f6-a741-c6c71f0dc51d,18489a99-ce77-491e-9eb5-cb6a4e8c4aae,FR,180,40,INR,,,2026-01-01T13:23:48.509Z,
ff55ab2f-47ff-4e0a-842a-05b771e7ac3e,049f426f-cb59-40f6-a741-c6c71f0dc51d,18489a99-ce77-491e-9eb5-cb6a4e8c4aae,FRLS,180,40,INR,,,2026-01-01T13:23:48.509Z,
6c5cdbf6-f191-48b9-bf1e-9969d7437bb8,049f426f-cb59-40f6-a741-c6c71f0dc51d,4cdd641a-08ed-4e2a-897c-d0caf17bfb1d,FR,180,40,INR,,,2026-01-01T13:23:48.509Z,
30b6b78f-a38c-4bcf-98cd-f1ac90582eeb,049f426f-cb59-40f6-a741-c6c71f0dc51d,4cdd641a-08ed-4e2a-897c-d0caf17bfb1d,FRLS,180,40,INR,,,2026-01-01T13:23:48.509Z,
f06699f3-ddaa-4d87-9eea-675928786d11,049f426f-cb59-40f6-a741-c6c71f0dc51d,6f2bd090-49dd-4d46-aba0-f459256864b0,FR,180,40,INR,,,2026-01-01T13:23:48.509Z,
7c292237-3d25-4173-a71c-5de5a241cb8c,049f426f-cb59-40f6-a741-c6c71f0dc51d,6f2bd090-49dd-4d46-aba0-f459256864b0,FRLS,180,40,INR,,,2026-01-01T13:23:48.509Z,
22dcd56c-5622-4346-bbd1-3977d25734c1,049f426f-cb59-40f6-a741-c6c71f0dc51d,26598120-db59-43a4-a17f-5e1196b6493b,FR,180,40,INR,,,2026-01-01T13:23:48.509Z,
e82c4d31-f260-47d2-a575-e1ab4fa775db,049f426f-cb59-40f6-a741-c6c71f0dc51d,26598120-db59-43a4-a17f-5e1196b6493b,FRLS,180,40,INR,,,2026-01-01T13:23:48.509Z,
323d82f3-c877-453d-9dd1-c1a8c919efdd,049f426f-cb59-40f6-a741-c6c71f0dc51d,d2858bc6-874c-4b33-bd19-0a821d301816,FR,180,40,INR,,,2026-01-01T13:23:48.509Z,
4b6371a3-3426-43b6-bbd9-f5845f597c27,049f426f-cb59-40f6-a741-c6c71f0dc51d,d2858bc6-874c-4b33-bd19-0a821d301816,FRLS,180,40,INR,,,2026-01-01T13:23:48.509Z,
8727d9d9-fc89-43e5-a9f2-08f18c2cb861,049f426f-cb59-40f6-a741-c6c71f0dc51d,a4b21753-2581-4326-9e1f-39e16d6d4b2d,FR,180,40,INR,,,2026-01-01T13:23:48.509Z,
6df2a8a5-1275-4dfc-bcf3-d26a74031c3d,049f426f-cb59-40f6-a741-c6c71f0dc51d,a4b21753-2581-4326-9e1f-39e16d6d4b2d,FRLS,180,40,INR,,,2026-01-01T13:23:48.509Z,
af7cf206-9868-426c-bc34-4a78fec19333,049f426f-cb59-40f6-a741-c6c71f0dc51d,08fb6a91-8c90-40dd-b32c-14953f88ddf7,FR,180,40,INR,,,2026-01-01T13:23:48.509Z,
2fc4689f-ca00-4c59-bfef-63679bc376f3,049f426f-cb59-40f6-a741-c6c71f0dc51d,08fb6a91-8c90-40dd-b32c-14953f88ddf7,FRLS,180,40,INR,,,2026-01-01T13:23:48.509Z,
d9903937-7676-4327-8aed-119655461b20,e8b1c0a6-6fe1-4ddb-bfab-18db14c83d99,9ad6917c-046a-4f47-9503-b43c20e6216f,FR,180,40,INR,,,2025-12-30T03:30:00.000Z,
9f967c69-44ac-482a-909d-773ae76b813e,e8b1c0a6-6fe1-4ddb-bfab-18db14c83d99,9ad6917c-046a-4f47-9503-b43c20e6216f,FRLS,180,40,INR,,,2025-12-30T03:30:00.000Z,
8bd2dade-35f9-42c0-ac29-dbb80cc40972,e8b1c0a6-6fe1-4ddb-bfab-18db14c83d99,18489a99-ce77-491e-9eb5-cb6a4e8c4aae,FR,180,40,INR,,,2025-12-30T03:30:00.000Z,
afc8d4fd-8bdd-4ae3-b8f2-d0937b0635c6,e8b1c0a6-6fe1-4ddb-bfab-18db14c83d99,18489a99-ce77-491e-9eb5-cb6a4e8c4aae,FRLS,180,40,INR,,,2025-12-30T03:30:00.000Z,
3495ea34-6ec2-4b90-9587-727dcde8a21a,e8b1c0a6-6fe1-4ddb-bfab-18db14c83d99,4cdd641a-08ed-4e2a-897c-d0caf17bfb1d,FR,180,40,INR,,,2025-12-30T03:30:00.000Z,
21f91a53-fdcb-458d-9999-a70de3f7adde,e8b1c0a6-6fe1-4ddb-bfab-18db14c83d99,4cdd641a-08ed-4e2a-897c-d0caf17bfb1d,FRLS,180,40,INR,,,2025-12-30T03:30:00.000Z,
74b8f991-95a6-4d27-96b6-e3967e0a1a38,e8b1c0a6-6fe1-4ddb-bfab-18db14c83d99,6f2bd090-49dd-4d46-aba0-f459256864b0,FR,180,40,INR,,,2025-12-30T03:30:00.000Z,
cb9eb1a7-cab9-493a-91c0-85d13fca24e7,e8b1c0a6-6fe1-4ddb-bfab-18db14c83d99,6f2bd090-49dd-4d46-aba0-f459256864b0,FRLS,180,40,INR,,,2025-12-30T03:30:00.000Z,
e0d3f0e4-91ea-41a8-ae49-4ef058cabc05,e8b1c0a6-6fe1-4ddb-bfab-18db14c83d99,26598120-db59-43a4-a17f-5e1196b6493b,FR,1,40,INR,,,2025-12-30T03:30:00.000Z,
eed04a53-814f-4616-bd9b-dcc888d992ec,e8b1c0a6-6fe1-4ddb-bfab-18db14c83d99,26598120-db59-43a4-a17f-5e1196b6493b,FRLS,180,40,INR,,,2025-12-30T03:30:00.000Z,
64f80748-c335-401c-b94c-d3dc9247d5c1,e8b1c0a6-6fe1-4ddb-bfab-18db14c83d99,d2858bc6-874c-4b33-bd19-0a821d301816,FR,180,40,INR,,,2025-12-30T03:30:00.000Z,
9605f9ce-2933-4252-b66a-48820bc6fc3f,e8b1c0a6-6fe1-4ddb-bfab-18db14c83d99,d2858bc6-874c-4b33-bd19-0a821d301816,FRLS,180,40,INR,,,2025-12-30T03:30:00.000Z,
d5a19e38-1085-4b17-ad92-8ec320e96417,e8b1c0a6-6fe1-4ddb-bfab-18db14c83d99,a4b21753-2581-4326-9e1f-39e16d6d4b2d,FR,180,40,INR,,,2025-12-30T03:30:00.000Z,
00d37c4e-d052-4288-a553-9f8f53ecbef1,e8b1c0a6-6fe1-4ddb-bfab-18db14c83d99,a4b21753-2581-4326-9e1f-39e16d6d4b2d,FRLS,180,40,INR,,,2025-12-30T03:30:00.000Z,
0ac050f7-b797-47af-9431-b6a9494f8ead,e8b1c0a6-6fe1-4ddb-bfab-18db14c83d99,08fb6a91-8c90-40dd-b32c-14953f88ddf7,FR,180,40,INR,,,2025-12-30T03:30:00.000Z,
bbede21e-b51d-45fe-947c-799c575e9ac7,e8b1c0a6-6fe1-4ddb-bfab-18db14c83d99,08fb6a91-8c90-40dd-b32c-14953f88ddf7,FRLS,180,40,INR,,,2025-12-30T03:30:00.000Z,
9e96d2f8-b118-465e-b150-dd3d51f2315f,34ded3f1-af56-4e54-9c82-9eee4994d750,e1a071da-3418-48bf-bb6a-7882d2fc6d22,Metal,1,40,INR,,,2025-12-30T03:30:00.000Z,
15278885-a3f5-4b60-839f-5ddb78f63f49,34ded3f1-af56-4e54-9c82-9eee4994d750,e1a071da-3418-48bf-bb6a-7882d2fc6d22,PVC,1,40,INR,,,2025-12-30T03:30:00.000Z,
87e619c3-52e7-4370-842f-dc170e3188a6,34ded3f1-af56-4e54-9c82-9eee4994d750,e709988d-5de7-4963-8a5f-715fdb82493f,Metal,1,40,INR,,,2025-12-30T03:30:00.000Z,
62bdebc0-6059-44c4-9ee6-d71f819e3adb,34ded3f1-af56-4e54-9c82-9eee4994d750,e709988d-5de7-4963-8a5f-715fdb82493f,PVC,1,40,INR,,,2025-12-30T03:30:00.000Z,
f1369b2a-8fe7-4c27-a3e5-77d5645b9531,34ded3f1-af56-4e54-9c82-9eee4994d750,c5b2239e-f60a-4603-bcc9-f402c027bdaf,Metal,1,40,INR,,,2025-12-30T03:30:00.000Z,
45bdb7d3-1620-411c-ad31-5d91842d9170,34ded3f1-af56-4e54-9c82-9eee4994d750,c5b2239e-f60a-4603-bcc9-f402c027bdaf,PVC,1,40,INR,,,2025-12-30T03:30:00.000Z,
f71ad5da-6c88-4d6d-9392-9464d7815b16,34ded3f1-af56-4e54-9c82-9eee4994d750,28874bf3-e381-4675-9493-689fd3af09d2,Mosaic,1,40,INR,,,2025-12-30T03:30:00.000Z,
dffead44-350e-47f4-a670-2aef94d9ebcb,34ded3f1-af56-4e54-9c82-9eee4994d750,28874bf3-e381-4675-9493-689fd3af09d2,Mylinc,1,40,INR,,,2025-12-30T03:30:00.000Z,
a20a7acc-58ff-4867-8e42-1886ae698495,34ded3f1-af56-4e54-9c82-9eee4994d750,28874bf3-e381-4675-9493-689fd3af09d2,Myrius,1,40,INR,,,2025-12-30T03:30:00.000Z,
e1523c0a-6106-4d9d-9264-a0b463a1a3d1,34ded3f1-af56-4e54-9c82-9eee4994d750,d0c0206e-9ae0-42d3-ae2b-d5ebd25b5bd6,Mosaic,1,40,INR,,,2025-12-30T03:30:00.000Z,
b0897f29-5bd5-4f1f-8743-624bb8f15a76,34ded3f1-af56-4e54-9c82-9eee4994d750,d0c0206e-9ae0-42d3-ae2b-d5ebd25b5bd6,Mylinc,1,40,INR,,,2025-12-30T03:30:00.000Z,
a63c1fbc-8391-46eb-9714-545309bf7117,34ded3f1-af56-4e54-9c82-9eee4994d750,d0c0206e-9ae0-42d3-ae2b-d5ebd25b5bd6,Myrius,1,40,INR,,,2025-12-30T03:30:00.000Z,
5ac09723-b1b5-4e16-80eb-60b46c0aa19f,34ded3f1-af56-4e54-9c82-9eee4994d750,dd33b2a1-6edf-4f18-96d3-26923fc5edf2,Metal,1,40,INR,,,2025-12-30T03:30:00.000Z,
e3fcc38d-1581-4752-901b-f5b1de64a705,34ded3f1-af56-4e54-9c82-9eee4994d750,dd33b2a1-6edf-4f18-96d3-26923fc5edf2,PVC,1,40,INR,,,2025-12-30T03:30:00.000Z,
c49714a9-20ad-407b-a564-e72b2367bebb,34ded3f1-af56-4e54-9c82-9eee4994d750,a728b9c0-2edb-4548-8e2d-4abb877877fe,Metal,180,40,INR,,,2025-12-30T03:30:00.000Z,
34bf342d-762b-4ab6-b2d8-34464151065c,34ded3f1-af56-4e54-9c82-9eee4994d750,a728b9c0-2edb-4548-8e2d-4abb877877fe,PVC,90,40,INR,,,2025-12-30T03:30:00.000Z,
533f132d-9854-44b4-97e2-27ae18d63efa,34ded3f1-af56-4e54-9c82-9eee4994d750,ae2c38a4-4bce-47c5-b87b-e8d783c8560d,Metal,1,40,INR,,,2025-12-30T03:30:00.000Z,
eca4dce7-ae38-4a0b-9796-cb2f6886faed,34ded3f1-af56-4e54-9c82-9eee4994d750,ae2c38a4-4bce-47c5-b87b-e8d783c8560d,PVC,1,40,INR,,,2025-12-30T03:30:00.000Z,
5a4b9ffa-50f5-4b2a-a791-ecd5f2924462,34ded3f1-af56-4e54-9c82-9eee4994d750,b9a6518a-4902-4759-a268-3d5ef41c54ce,Metal,90,40,INR,,,2025-12-30T03:30:00.000Z,
7de66992-7cfa-4e9d-bba3-cb5fcc90de72,34ded3f1-af56-4e54-9c82-9eee4994d750,b9a6518a-4902-4759-a268-3d5ef41c54ce,PVC,270,40,INR,,,2025-12-30T03:30:00.000Z,
9cf09e6c-18e2-42eb-bfc6-5d0db7f63dba,34ded3f1-af56-4e54-9c82-9eee4994d750,ffa5ce56-a174-4aef-a332-a7bb79d8c82a,Metal,1,40,INR,,,2025-12-30T03:30:00.000Z,
bf00b54f-f1da-454b-8fb1-3d6b9b14a1de,34ded3f1-af56-4e54-9c82-9eee4994d750,ffa5ce56-a174-4aef-a332-a7bb79d8c82a,PVC,1,40,INR,,,2025-12-30T03:30:00.000Z,
a504033f-cc69-4495-aeeb-d2206e1f55a5,34ded3f1-af56-4e54-9c82-9eee4994d750,b95a58ea-70e8-4322-ad60-49de8b0c629d,Metal,1,40,INR,,,2025-12-30T03:30:00.000Z,
08ced052-3a65-4ae6-a07c-0df71538e0a7,34ded3f1-af56-4e54-9c82-9eee4994d750,b95a58ea-70e8-4322-ad60-49de8b0c629d,PVC,1,40,INR,,,2025-12-30T03:30:00.000Z,
9a4c47bd-38a1-4c00-abab-9cf98aadb261,34ded3f1-af56-4e54-9c82-9eee4994d750,6be9ca63-e4d4-4994-8cd3-f22f24c42271,Metal,1,40,INR,,,2025-12-30T03:30:00.000Z,
a7efc13c-a82a-4fb6-91d2-a27f10331b5f,34ded3f1-af56-4e54-9c82-9eee4994d750,6be9ca63-e4d4-4994-8cd3-f22f24c42271,PVC,1,40,INR,,,2025-12-30T03:30:00.000Z,
489148ec-7568-4a7c-b0eb-a570ceb9d632,34ded3f1-af56-4e54-9c82-9eee4994d750,35e63739-77d4-44c5-8b41-9e5621746cd1,Metal,1,40,INR,,,2025-12-30T03:30:00.000Z,
75c93eb6-aa01-42a2-a54e-39f271e3d4e0,34ded3f1-af56-4e54-9c82-9eee4994d750,35e63739-77d4-44c5-8b41-9e5621746cd1,PVC,1,40,INR,,,2025-12-30T03:30:00.000Z,
15d16347-2f8d-4433-b777-15db543a1bec,34ded3f1-af56-4e54-9c82-9eee4994d750,46e0d391-be62-4654-add8-c76342c7ad1a,Metal,1,40,INR,,,2025-12-30T03:30:00.000Z,
3c4cc055-4c73-440b-aa18-509dc4e231f5,34ded3f1-af56-4e54-9c82-9eee4994d750,827e1ae8-21d0-42da-93a4-bdd97007ed18,Metal,1,40,INR,,,2025-12-30T03:30:00.000Z,
2fbcf6d8-d601-4cae-a688-25604cb832aa,34ded3f1-af56-4e54-9c82-9eee4994d750,827e1ae8-21d0-42da-93a4-bdd97007ed18,PVC,1,40,INR,,,2025-12-30T03:30:00.000Z,
3425710c-ce62-4a8e-a09b-ea18a7fbcf06,34ded3f1-af56-4e54-9c82-9eee4994d750,6fd1301f-6fb6-4c6a-b79e-5241964e99bd,Mosaic,1,40,INR,,,2025-12-30T03:30:00.000Z,
07019075-9260-4435-b3c3-9b1fe6c7aed7,34ded3f1-af56-4e54-9c82-9eee4994d750,6fd1301f-6fb6-4c6a-b79e-5241964e99bd,Mylinc,1,40,INR,,,2025-12-30T03:30:00.000Z,
75a748e6-1ad5-465f-abbc-825a94ff95f8,34ded3f1-af56-4e54-9c82-9eee4994d750,6fd1301f-6fb6-4c6a-b79e-5241964e99bd,Myrius,1,40,INR,,,2025-12-30T03:30:00.000Z,
95aabf80-b5d0-4c4e-b7fd-cc91ea2e8da2,34ded3f1-af56-4e54-9c82-9eee4994d750,95122212-988a-4b24-9d08-408029c969cd,Mosaic,1,40,INR,,,2025-12-30T03:30:00.000Z,
a278f723-bff2-4591-8a9e-24cbd447a257,34ded3f1-af56-4e54-9c82-9eee4994d750,95122212-988a-4b24-9d08-408029c969cd,Mylinc,1,40,INR,,,2025-12-30T03:30:00.000Z,
665ff9aa-aa5e-464c-9eb3-a9eb6ce49f76,34ded3f1-af56-4e54-9c82-9eee4994d750,95122212-988a-4b24-9d08-408029c969cd,Myrius,1,40,INR,,,2025-12-30T03:30:00.000Z,
e5ddc066-a8f8-4280-979d-14b858f85e15,34ded3f1-af56-4e54-9c82-9eee4994d750,7989ab50-0500-4657-9807-2f5085cdac89,Metal,1,40,INR,,,2025-12-30T03:30:00.000Z,
ce98c445-0247-460d-a0a8-f8b5957daa05,34ded3f1-af56-4e54-9c82-9eee4994d750,7989ab50-0500-4657-9807-2f5085cdac89,PVC,1,40,INR,,,2025-12-30T03:30:00.000Z,
d0c79470-a9b9-4114-acc2-e3824598bbf3,34ded3f1-af56-4e54-9c82-9eee4994d750,13b04de3-2f6d-4e33-9888-9b09c3f5758f,Metal,1,40,INR,,,2025-12-30T03:30:00.000Z,
4506d09e-3365-487d-8d7a-d9228fd63259,34ded3f1-af56-4e54-9c82-9eee4994d750,13b04de3-2f6d-4e33-9888-9b09c3f5758f,PVC,1,40,INR,,,2025-12-30T03:30:00.000Z,
d6f25b65-5bc1-49fe-a5ee-809d08278251,34ded3f1-af56-4e54-9c82-9eee4994d750,88cbe30e-79a5-4645-828a-e93aebfbc56b,Metal,1,40,INR,,,2025-12-30T03:30:00.000Z,
2d7ad887-4a19-4b69-84aa-ffeee047bdc4,34ded3f1-af56-4e54-9c82-9eee4994d750,88cbe30e-79a5-4645-828a-e93aebfbc56b,PVC,1,40,INR,,,2025-12-30T03:30:00.000Z,
e579556f-97c4-4c82-99b3-7c687f72adc6,34ded3f1-af56-4e54-9c82-9eee4994d750,9b6baa5f-08f1-46dc-8983-3b9072374f63,Metal,1,40,INR,,,2025-12-30T03:30:00.000Z,
b5b7cea2-b888-4596-9c12-07088eb8c01d,34ded3f1-af56-4e54-9c82-9eee4994d750,9b6baa5f-08f1-46dc-8983-3b9072374f63,PVC,1,40,INR,,,2025-12-30T03:30:00.000Z,
5efc54d3-6597-42ad-9599-cc0d42261148,34ded3f1-af56-4e54-9c82-9eee4994d750,87fdb6b2-8f24-4305-b419-af528227c307,Mosaic,1,40,INR,,,2025-12-30T03:30:00.000Z,
f4e2429c-945d-478e-ba69-6dd6f83a134f,34ded3f1-af56-4e54-9c82-9eee4994d750,87fdb6b2-8f24-4305-b419-af528227c307,Mylinc,1,40,INR,,,2025-12-30T03:30:00.000Z,
dbfdcacb-e855-4508-a25b-dc937e718c2f,34ded3f1-af56-4e54-9c82-9eee4994d750,87fdb6b2-8f24-4305-b419-af528227c307,Myrius,1,40,INR,,,2025-12-30T03:30:00.000Z,
9823980e-3e49-45bc-bc65-839e31e31efa,34ded3f1-af56-4e54-9c82-9eee4994d750,1be03227-6379-4788-a4cf-47a4dd4f862d,Mosaic,1,40,INR,,,2025-12-30T03:30:00.000Z,
831e63a9-db73-4405-ae62-6d20282ec34f,34ded3f1-af56-4e54-9c82-9eee4994d750,1be03227-6379-4788-a4cf-47a4dd4f862d,Mylinc,1,40,INR,,,2025-12-30T03:30:00.000Z,
fec5a485-567c-42fb-86fb-ba88365dca41,34ded3f1-af56-4e54-9c82-9eee4994d750,1be03227-6379-4788-a4cf-47a4dd4f862d,Myrius,1,40,INR,,,2025-12-30T03:30:00.000Z,
632a2920-27b1-4910-80eb-c6737c0fb452,34ded3f1-af56-4e54-9c82-9eee4994d750,c4e1ec08-5d22-4682-b846-290216d83271,Mosaic,1,40,INR,,,2025-12-30T03:30:00.000Z,
16b53a19-ed96-4589-924e-03a2d2e60030,34ded3f1-af56-4e54-9c82-9eee4994d750,c4e1ec08-5d22-4682-b846-290216d83271,Mylinc,1,40,INR,,,2025-12-30T03:30:00.000Z,
44d6e580-58c9-4a07-9f89-7e2b3e3b062b,34ded3f1-af56-4e54-9c82-9eee4994d750,c4e1ec08-5d22-4682-b846-290216d83271,Myrius,1,40,INR,,,2025-12-30T03:30:00.000Z,
9fc6618a-f055-4838-96cd-2e375cb3380e,34ded3f1-af56-4e54-9c82-9eee4994d750,2753af18-a5f4-49bd-a45a-af1d15e7c4c8,Mosaic,1,40,INR,,,2025-12-30T03:30:00.000Z,
baaf6c19-ed90-4199-ab1c-60a7c09e70f5,34ded3f1-af56-4e54-9c82-9eee4994d750,2753af18-a5f4-49bd-a45a-af1d15e7c4c8,Mylinc,1,40,INR,,,2025-12-30T03:30:00.000Z,
1db36596-7f9c-4b3c-ba36-23c7684497d5,34ded3f1-af56-4e54-9c82-9eee4994d750,2753af18-a5f4-49bd-a45a-af1d15e7c4c8,Myrius,1,40,INR,,,2025-12-30T03:30:00.000Z,
aee7965e-ae99-4cbc-9151-409876265418,34ded3f1-af56-4e54-9c82-9eee4994d750,6416016c-8f1c-4ffc-b843-58e4d807462e,Mosaic,1,40,INR,,,2025-12-30T03:30:00.000Z,
8e863116-c9ad-4fb7-ae8a-3eb5baefcaea,34ded3f1-af56-4e54-9c82-9eee4994d750,6416016c-8f1c-4ffc-b843-58e4d807462e,Mylinc,1,40,INR,,,2025-12-30T03:30:00.000Z,
cbe969b8-76e5-4799-858f-3ac14dac3c55,34ded3f1-af56-4e54-9c82-9eee4994d750,6416016c-8f1c-4ffc-b843-58e4d807462e,Myrius,1,40,INR,,,2025-12-30T03:30:00.000Z,
250c84b4-71fd-451f-9efc-dee61f9b6803,34ded3f1-af56-4e54-9c82-9eee4994d750,57a1c794-fb63-4218-961d-c0b77e6596a9,Mosaic,1,40,INR,,,2025-12-30T03:30:00.000Z,
e5474f30-c7e6-4d5e-8462-42db5a82c965,34ded3f1-af56-4e54-9c82-9eee4994d750,57a1c794-fb63-4218-961d-c0b77e6596a9,Mylinc,1,40,INR,,,2025-12-30T03:30:00.000Z,
8d06e227-7956-4f2f-a59c-bca9fb4ac4cd,34ded3f1-af56-4e54-9c82-9eee4994d750,57a1c794-fb63-4218-961d-c0b77e6596a9,Myrius,1,40,INR,,,2025-12-30T03:30:00.000Z,
2956dc29-b5b8-4cfb-b26b-5832f3ec8248,34ded3f1-af56-4e54-9c82-9eee4994d750,2d7d7e4a-3148-4a00-b3a8-84709d7d45f2,Mosaic,1,40,INR,,,2025-12-30T03:30:00.000Z,
2ce02b87-05b9-41bc-9962-89c097b08ac5,34ded3f1-af56-4e54-9c82-9eee4994d750,2d7d7e4a-3148-4a00-b3a8-84709d7d45f2,Mylinc,1,40,INR,,,2025-12-30T03:30:00.000Z,
f5f08b4f-62df-49f9-a494-b5709b213809,34ded3f1-af56-4e54-9c82-9eee4994d750,2d7d7e4a-3148-4a00-b3a8-84709d7d45f2,Myrius,1,40,INR,,,2025-12-30T03:30:00.000Z,
43c41a26-ba05-4f6c-999e-5d9cb6ea722b,95331138-71ec-4eec-8d34-cedbe6e9626b,28874bf3-e381-4675-9493-689fd3af09d2,CUBE,1,40,INR,,,2025-12-30T03:30:00.000Z,
8f55612d-caea-4a34-b9a0-b9f78a8a06ee,95331138-71ec-4eec-8d34-cedbe6e9626b,28874bf3-e381-4675-9493-689fd3af09d2,SQUARE,1,40,INR,,,2025-12-30T03:30:00.000Z,
bbad743a-3e54-4e2f-98ca-308417225469,95331138-71ec-4eec-8d34-cedbe6e9626b,28874bf3-e381-4675-9493-689fd3af09d2,TG9,1,40,INR,,,2025-12-30T03:30:00.000Z,
55288ef5-af70-4dfd-9e1f-a9091409eb45,95331138-71ec-4eec-8d34-cedbe6e9626b,d0c0206e-9ae0-42d3-ae2b-d5ebd25b5bd6,CUBE,1,40,INR,,,2025-12-30T03:30:00.000Z,
721705c3-1a8d-4424-a7d0-c65e1cbb982c,95331138-71ec-4eec-8d34-cedbe6e9626b,d0c0206e-9ae0-42d3-ae2b-d5ebd25b5bd6,SQUARE,1,40,INR,,,2025-12-30T03:30:00.000Z,
082554e8-4c4f-42b0-842e-645f3e785a97,95331138-71ec-4eec-8d34-cedbe6e9626b,d0c0206e-9ae0-42d3-ae2b-d5ebd25b5bd6,TG9,1,40,INR,,,2025-12-30T03:30:00.000Z,
82fb1231-8234-4402-8667-ba3ee69d9e88,95331138-71ec-4eec-8d34-cedbe6e9626b,6fd1301f-6fb6-4c6a-b79e-5241964e99bd,CUBE,1,40,INR,,,2025-12-30T03:30:00.000Z,
9dbc79b6-de93-4a7b-9034-df3332b6b7b4,95331138-71ec-4eec-8d34-cedbe6e9626b,6fd1301f-6fb6-4c6a-b79e-5241964e99bd,SQUARE,1,40,INR,,,2025-12-30T03:30:00.000Z,
0498e0a4-531f-4e36-be37-5b7d57e974c3,95331138-71ec-4eec-8d34-cedbe6e9626b,6fd1301f-6fb6-4c6a-b79e-5241964e99bd,TG9,1,40,INR,,,2025-12-30T03:30:00.000Z,
a3682ed8-939c-4d82-bb46-740d58290112,95331138-71ec-4eec-8d34-cedbe6e9626b,95122212-988a-4b24-9d08-408029c969cd,CUBE,1,40,INR,,,2025-12-30T03:30:00.000Z,
5fad2952-b9c7-4041-9ffb-40a12bc7b2f6,95331138-71ec-4eec-8d34-cedbe6e9626b,95122212-988a-4b24-9d08-408029c969cd,SQUARE,1,40,INR,,,2025-12-30T03:30:00.000Z,
44060e5e-ecd7-4a42-9b1c-ea20336a2fc9,95331138-71ec-4eec-8d34-cedbe6e9626b,95122212-988a-4b24-9d08-408029c969cd,TG9,1,40,INR,,,2025-12-30T03:30:00.000Z,
f8ccadae-9a27-4dac-b5f4-375a807d282d,95331138-71ec-4eec-8d34-cedbe6e9626b,87fdb6b2-8f24-4305-b419-af528227c307,CUBE,1,40,INR,,,2025-12-30T03:30:00.000Z,
fe6d5516-8c8a-403c-a310-0aa17156a16b,95331138-71ec-4eec-8d34-cedbe6e9626b,87fdb6b2-8f24-4305-b419-af528227c307,SQUARE,1,40,INR,,,2025-12-30T03:30:00.000Z,
5c7f560d-437f-46a4-a275-e9a14ab9d365,95331138-71ec-4eec-8d34-cedbe6e9626b,87fdb6b2-8f24-4305-b419-af528227c307,TG9,1,40,INR,,,2025-12-30T03:30:00.000Z,
c77f8a45-bb40-4a39-9649-136b568c95ae,95331138-71ec-4eec-8d34-cedbe6e9626b,1be03227-6379-4788-a4cf-47a4dd4f862d,CUBE,1,40,INR,,,2025-12-30T03:30:00.000Z,
17c499ac-7d98-4281-8622-6ac5f094cd33,95331138-71ec-4eec-8d34-cedbe6e9626b,1be03227-6379-4788-a4cf-47a4dd4f862d,SQUARE,1,40,INR,,,2025-12-30T03:30:00.000Z,
f6342b96-981f-4dfd-bfd0-4ca72ac009a2,95331138-71ec-4eec-8d34-cedbe6e9626b,1be03227-6379-4788-a4cf-47a4dd4f862d,TG9,1,40,INR,,,2025-12-30T03:30:00.000Z,
24b92fb7-58e4-444c-8919-bb5e808d53bb,95331138-71ec-4eec-8d34-cedbe6e9626b,c4e1ec08-5d22-4682-b846-290216d83271,CUBE,1,40,INR,,,2025-12-30T03:30:00.000Z,
b20f0149-fd43-4bfb-a77e-251946fa1a7d,95331138-71ec-4eec-8d34-cedbe6e9626b,c4e1ec08-5d22-4682-b846-290216d83271,SQUARE,1,40,INR,,,2025-12-30T03:30:00.000Z,
1acd4d70-3c51-4dd2-b553-410ff142e45d,95331138-71ec-4eec-8d34-cedbe6e9626b,c4e1ec08-5d22-4682-b846-290216d83271,TG9,1,40,INR,,,2025-12-30T03:30:00.000Z,
038e4837-75c4-4e0a-b187-31d0c4a64536,95331138-71ec-4eec-8d34-cedbe6e9626b,2753af18-a5f4-49bd-a45a-af1d15e7c4c8,CUBE,1,40,INR,,,2025-12-30T03:30:00.000Z,
78e5e032-cb69-4aea-ba4e-d9fc69215c8c,95331138-71ec-4eec-8d34-cedbe6e9626b,2753af18-a5f4-49bd-a45a-af1d15e7c4c8,SQUARE,1,40,INR,,,2025-12-30T03:30:00.000Z,
1d1422e9-1e6c-4b12-b7b8-6e4d9a01ddd6,95331138-71ec-4eec-8d34-cedbe6e9626b,2753af18-a5f4-49bd-a45a-af1d15e7c4c8,TG9,1,40,INR,,,2025-12-30T03:30:00.000Z,
173117e4-25cc-46b6-ab7c-faa1c2d404a2,95331138-71ec-4eec-8d34-cedbe6e9626b,6416016c-8f1c-4ffc-b843-58e4d807462e,CUBE,1,40,INR,,,2025-12-30T03:30:00.000Z,
5292a20a-15d3-4a58-b216-34738ef7dbb7,95331138-71ec-4eec-8d34-cedbe6e9626b,6416016c-8f1c-4ffc-b843-58e4d807462e,SQUARE,1,40,INR,,,2025-12-30T03:30:00.000Z,
202f8ccd-6258-45c7-adda-bd8e24a21ca0,95331138-71ec-4eec-8d34-cedbe6e9626b,6416016c-8f1c-4ffc-b843-58e4d807462e,TG9,1,40,INR,,,2025-12-30T03:30:00.000Z,
c19c3806-d724-4575-86e6-c97721d6ef9a,95331138-71ec-4eec-8d34-cedbe6e9626b,57a1c794-fb63-4218-961d-c0b77e6596a9,CUBE,1,40,INR,,,2025-12-30T03:30:00.000Z,
aad2c158-1d57-46c4-9ac2-1cea13317943,95331138-71ec-4eec-8d34-cedbe6e9626b,57a1c794-fb63-4218-961d-c0b77e6596a9,SQUARE,1,40,INR,,,2025-12-30T03:30:00.000Z,
ecdc60de-26c3-48ad-a053-dea96be6bf39,95331138-71ec-4eec-8d34-cedbe6e9626b,57a1c794-fb63-4218-961d-c0b77e6596a9,TG9,1,40,INR,,,2025-12-30T03:30:00.000Z,
278ef5bc-b7d4-40b8-9115-22828d51ab34,95331138-71ec-4eec-8d34-cedbe6e9626b,2d7d7e4a-3148-4a00-b3a8-84709d7d45f2,CUBE,1,40,INR,,,2025-12-30T03:30:00.000Z,
36e414b3-d5ab-4398-888b-485878868930,95331138-71ec-4eec-8d34-cedbe6e9626b,2d7d7e4a-3148-4a00-b3a8-84709d7d45f2,SQUARE,1,40,INR,,,2025-12-30T03:30:00.000Z,
2202a076-aef7-4abd-b121-b37cfa7ed211,95331138-71ec-4eec-8d34-cedbe6e9626b,2d7d7e4a-3148-4a00-b3a8-84709d7d45f2,TG9,1,40,INR,,,2025-12-30T03:30:00.000Z,
1539c675-537f-4066-85a9-ecb6fd7f2766,d0c9d0b3-4b70-46f8-b402-a0d1e0ffe619,e1a071da-3418-48bf-bb6a-7882d2fc6d22,Metal,1,40,INR,,,2025-12-30T03:30:00.000Z,
33e0f526-759d-4a34-8449-ced197b56f2f,d0c9d0b3-4b70-46f8-b402-a0d1e0ffe619,e1a071da-3418-48bf-bb6a-7882d2fc6d22,PVC,1,40,INR,,,2025-12-30T03:30:00.000Z,
662fdc3a-01f5-45ad-bb0a-db93c7cf52ee,d0c9d0b3-4b70-46f8-b402-a0d1e0ffe619,e709988d-5de7-4963-8a5f-715fdb82493f,Metal,1,40,INR,,,2025-12-30T03:30:00.000Z,
d5c308d4-a143-4b48-aee4-704927993056,d0c9d0b3-4b70-46f8-b402-a0d1e0ffe619,e709988d-5de7-4963-8a5f-715fdb82493f,PVC,1,40,INR,,,2025-12-30T03:30:00.000Z,
d1b94299-a3dc-4191-928e-ec35b3ba1062,d0c9d0b3-4b70-46f8-b402-a0d1e0ffe619,c5b2239e-f60a-4603-bcc9-f402c027bdaf,Metal,1,40,INR,,,2025-12-30T03:30:00.000Z,
5016e678-ad4c-4411-ba5b-2a3b9b5ee67d,d0c9d0b3-4b70-46f8-b402-a0d1e0ffe619,c5b2239e-f60a-4603-bcc9-f402c027bdaf,PVC,1,40,INR,,,2025-12-30T03:30:00.000Z,
f4060b68-a3b6-4c03-9c7d-e870339b81d1,d0c9d0b3-4b70-46f8-b402-a0d1e0ffe619,dd33b2a1-6edf-4f18-96d3-26923fc5edf2,Metal,1,40,INR,,,2025-12-30T03:30:00.000Z,
7b2c94d7-522d-4761-85e8-635e9f53feb2,d0c9d0b3-4b70-46f8-b402-a0d1e0ffe619,dd33b2a1-6edf-4f18-96d3-26923fc5edf2,PVC,1,40,INR,,,2025-12-30T03:30:00.000Z,
41bb94b4-d835-4ab8-9858-391043b8f66d,d0c9d0b3-4b70-46f8-b402-a0d1e0ffe619,a728b9c0-2edb-4548-8e2d-4abb877877fe,Metal,1,40,INR,,,2025-12-30T03:30:00.000Z,
67da3ab8-1629-4bdd-9193-42dfed0172d5,d0c9d0b3-4b70-46f8-b402-a0d1e0ffe619,a728b9c0-2edb-4548-8e2d-4abb877877fe,PVC,1,40,INR,,,2025-12-30T03:30:00.000Z,
3de6ff9d-1fe6-47c5-b8f0-0659e86f3394,d0c9d0b3-4b70-46f8-b402-a0d1e0ffe619,ae2c38a4-4bce-47c5-b87b-e8d783c8560d,Metal,1,40,INR,,,2025-12-30T03:30:00.000Z,
14165fcf-f1ee-4b94-a5c2-905d5f741ce8,d0c9d0b3-4b70-46f8-b402-a0d1e0ffe619,ae2c38a4-4bce-47c5-b87b-e8d783c8560d,PVC,1,40,INR,,,2025-12-30T03:30:00.000Z,
f515aabc-992e-4e38-a055-b194cebd4b5c,d0c9d0b3-4b70-46f8-b402-a0d1e0ffe619,b9a6518a-4902-4759-a268-3d5ef41c54ce,Metal,180,40,INR,,,2025-12-30T03:30:00.000Z,
1043f790-66a7-442e-993f-532d288e819e,d0c9d0b3-4b70-46f8-b402-a0d1e0ffe619,b9a6518a-4902-4759-a268-3d5ef41c54ce,PVC,90,40,INR,,,2025-12-30T03:30:00.000Z,
d487c2aa-f0fb-41ce-8a04-2a0e1ec21923,d0c9d0b3-4b70-46f8-b402-a0d1e0ffe619,ffa5ce56-a174-4aef-a332-a7bb79d8c82a,Metal,1,40,INR,,,2025-12-30T03:30:00.000Z,
0cf53d25-33f2-46aa-8828-5f594edf4cb1,d0c9d0b3-4b70-46f8-b402-a0d1e0ffe619,ffa5ce56-a174-4aef-a332-a7bb79d8c82a,PVC,1,40,INR,,,2025-12-30T03:30:00.000Z,
2ddef11d-1541-4688-887b-cee938e93a92,d0c9d0b3-4b70-46f8-b402-a0d1e0ffe619,b95a58ea-70e8-4322-ad60-49de8b0c629d,Metal,1,40,INR,,,2025-12-30T03:30:00.000Z,
0ab1ec45-41d0-4c3a-b33e-b92be94f586c,d0c9d0b3-4b70-46f8-b402-a0d1e0ffe619,b95a58ea-70e8-4322-ad60-49de8b0c629d,PVC,1,40,INR,,,2025-12-30T03:30:00.000Z,
f6eb9288-ed64-4f34-af1c-1438aec78d86,d0c9d0b3-4b70-46f8-b402-a0d1e0ffe619,6be9ca63-e4d4-4994-8cd3-f22f24c42271,Metal,1,40,INR,,,2025-12-30T03:30:00.000Z,
06455d9b-6241-48a2-8d9a-d23b756758e7,d0c9d0b3-4b70-46f8-b402-a0d1e0ffe619,6be9ca63-e4d4-4994-8cd3-f22f24c42271,PVC,1,40,INR,,,2025-12-30T03:30:00.000Z,
677561d1-0277-4d69-8648-22bfb34724c9,d0c9d0b3-4b70-46f8-b402-a0d1e0ffe619,35e63739-77d4-44c5-8b41-9e5621746cd1,Metal,1,40,INR,,,2025-12-30T03:30:00.000Z,
c53f58a1-f75e-40b9-b46f-78e9c5ae0743,d0c9d0b3-4b70-46f8-b402-a0d1e0ffe619,35e63739-77d4-44c5-8b41-9e5621746cd1,PVC,1,40,INR,,,2025-12-30T03:30:00.000Z,
4354cda4-7fc3-44db-a687-43fe127c343d,d0c9d0b3-4b70-46f8-b402-a0d1e0ffe619,46e0d391-be62-4654-add8-c76342c7ad1a,Metal,1,40,INR,,,2025-12-30T03:30:00.000Z,
7920c717-1869-447a-b21f-e6490c0f37a6,d0c9d0b3-4b70-46f8-b402-a0d1e0ffe619,46e0d391-be62-4654-add8-c76342c7ad1a,PVC,1,40,INR,,,2025-12-30T03:30:00.000Z,
717fde31-3af7-4a59-942d-0c48b4a21d20,d0c9d0b3-4b70-46f8-b402-a0d1e0ffe619,827e1ae8-21d0-42da-93a4-bdd97007ed18,Metal,1,40,INR,,,2025-12-30T03:30:00.000Z,
177b439c-0d1e-4f4b-a20a-aedf3859cb1f,d0c9d0b3-4b70-46f8-b402-a0d1e0ffe619,827e1ae8-21d0-42da-93a4-bdd97007ed18,PVC,1,40,INR,,,2025-12-30T03:30:00.000Z,
8521c650-6073-4502-bbda-0bf4aa98307a,d0c9d0b3-4b70-46f8-b402-a0d1e0ffe619,7989ab50-0500-4657-9807-2f5085cdac89,Metal,1,40,INR,,,2025-12-30T03:30:00.000Z,
8c5d7c71-f09a-4399-aae3-f28623a5d8a2,d0c9d0b3-4b70-46f8-b402-a0d1e0ffe619,7989ab50-0500-4657-9807-2f5085cdac89,PVC,1,40,INR,,,2025-12-30T03:30:00.000Z,
2a2d0e9c-536f-438c-9305-70769d4924cf,d0c9d0b3-4b70-46f8-b402-a0d1e0ffe619,13b04de3-2f6d-4e33-9888-9b09c3f5758f,Metal,1,40,INR,,,2025-12-30T03:30:00.000Z,
9d9e98e5-bc2e-4371-83a5-ddd4e08ea8b2,d0c9d0b3-4b70-46f8-b402-a0d1e0ffe619,13b04de3-2f6d-4e33-9888-9b09c3f5758f,PVC,1,40,INR,,,2025-12-30T03:30:00.000Z,
342f11f9-6546-4a11-8f5c-1c797e61e428,d0c9d0b3-4b70-46f8-b402-a0d1e0ffe619,88cbe30e-79a5-4645-828a-e93aebfbc56b,Metal,1,40,INR,,,2025-12-30T03:30:00.000Z,
4aca5100-0483-43a4-a83a-0817226f6e2d,d0c9d0b3-4b70-46f8-b402-a0d1e0ffe619,88cbe30e-79a5-4645-828a-e93aebfbc56b,PVC,1,40,INR,,,2025-12-30T03:30:00.000Z,
5482f587-45d9-4604-abb9-d61668bdafb8,d0c9d0b3-4b70-46f8-b402-a0d1e0ffe619,9b6baa5f-08f1-46dc-8983-3b9072374f63,Metal,1,40,INR,,,2025-12-30T03:30:00.000Z,
865a5edb-6b16-48a0-8dcb-e6b04a8ace84,d0c9d0b3-4b70-46f8-b402-a0d1e0ffe619,9b6baa5f-08f1-46dc-8983-3b9072374f63,PVC,1,40,INR,,,2025-12-30T03:30:00.000Z,